epoch,steps,cosine-Accuracy@1,cosine-Accuracy@3,cosine-Accuracy@5,cosine-Accuracy@10,cosine-Precision@1,cosine-Recall@1,cosine-Precision@3,cosine-Recall@3,cosine-Precision@5,cosine-Recall@5,cosine-Precision@10,cosine-Recall@10,cosine-MRR@10,cosine-NDCG@10,cosine-MAP@100
1.0416666666666667,50,0.7441860465116279,0.8062015503875969,0.8294573643410853,0.875968992248062,0.7441860465116279,0.7441860465116279,0.2687338501291989,0.8062015503875969,0.16589147286821704,0.8294573643410853,0.08759689922480621,0.875968992248062,0.7823305032607358,0.8044154731503447,0.7898191663834713
2.0833333333333335,100,0.751937984496124,0.813953488372093,0.8294573643410853,0.875968992248062,0.751937984496124,0.751937984496124,0.2713178294573643,0.813953488372093,0.16589147286821704,0.8294573643410853,0.0875968992248062,0.875968992248062,0.7914390303925187,0.8115143026870164,0.7991179425427125
3.125,150,0.751937984496124,0.813953488372093,0.8372093023255814,0.875968992248062,0.751937984496124,0.751937984496124,0.2713178294573643,0.813953488372093,0.16744186046511625,0.8372093023255814,0.08759689922480621,0.875968992248062,0.7907930355604773,0.8110766253024732,0.7981975088805409
4.166666666666667,200,0.751937984496124,0.8217054263565892,0.8372093023255814,0.8914728682170543,0.751937984496124,0.751937984496124,0.27390180878552967,0.8217054263565892,0.16744186046511625,0.8372093023255814,0.08914728682170543,0.8914728682170543,0.7933216439030393,0.8164388082604407,0.7998874572657156
