epoch,steps,cosine-Accuracy@1,cosine-Accuracy@3,cosine-Accuracy@5,cosine-Accuracy@10,cosine-Precision@1,cosine-Recall@1,cosine-Precision@3,cosine-Recall@3,cosine-Precision@5,cosine-Recall@5,cosine-Precision@10,cosine-Recall@10,cosine-MRR@10,cosine-NDCG@10,cosine-MAP@100
1.0,13,0.5416666666666666,0.625,0.7083333333333334,0.9166666666666666,0.5416666666666666,0.5416666666666666,0.20833333333333334,0.625,0.1416666666666667,0.7083333333333334,0.09166666666666667,0.9166666666666666,0.6220403439153439,0.6893149724203477,0.629300444925445
2.0,26,0.5416666666666666,0.625,0.7083333333333334,0.9166666666666666,0.5416666666666666,0.5416666666666666,0.20833333333333334,0.625,0.1416666666666667,0.7083333333333334,0.09166666666666667,0.9166666666666666,0.6220403439153439,0.6893149724203477,0.629300444925445
3.0,39,0.5416666666666666,0.625,0.7083333333333334,0.9166666666666666,0.5416666666666666,0.5416666666666666,0.20833333333333334,0.625,0.1416666666666667,0.7083333333333334,0.09166666666666667,0.9166666666666666,0.6220403439153439,0.6893149724203478,0.629300444925445
4.0,52,0.5416666666666666,0.625,0.7083333333333334,0.9166666666666666,0.5416666666666666,0.5416666666666666,0.20833333333333334,0.625,0.1416666666666667,0.7083333333333334,0.09166666666666667,0.9166666666666666,0.6220403439153439,0.6893149724203477,0.6293004449254449
5.0,65,0.5416666666666666,0.625,0.7083333333333334,0.9166666666666666,0.5416666666666666,0.5416666666666666,0.20833333333333334,0.625,0.1416666666666667,0.7083333333333334,0.09166666666666667,0.9166666666666666,0.6220403439153439,0.6893149724203477,0.6293004449254449
