epoch,steps,cosine-Accuracy@1,cosine-Accuracy@3,cosine-Accuracy@5,cosine-Accuracy@10,cosine-Precision@1,cosine-Recall@1,cosine-Precision@3,cosine-Recall@3,cosine-Precision@5,cosine-Recall@5,cosine-Precision@10,cosine-Recall@10,cosine-MRR@10,cosine-NDCG@10,cosine-MAP@100
1.25,50,0.6808510638297872,0.7819148936170213,0.8085106382978723,0.8457446808510638,0.6808510638297872,0.6808510638297872,0.26063829787234044,0.7819148936170213,0.16170212765957445,0.8085106382978723,0.08457446808510637,0.8457446808510638,0.7400920297196892,0.7658042945732667,0.7479248758357024
2.5,100,0.7659574468085106,0.8031914893617021,0.824468085106383,0.8563829787234043,0.7659574468085106,0.7659574468085106,0.2677304964539007,0.8031914893617021,0.16489361702127656,0.824468085106383,0.08563829787234041,0.8563829787234043,0.7907273725092874,0.8061431274456099,0.7977688162641712
3.75,150,0.7606382978723404,0.7978723404255319,0.8191489361702128,0.8457446808510638,0.7606382978723404,0.7606382978723404,0.26595744680851063,0.7978723404255319,0.1638297872340425,0.8191489361702128,0.08457446808510638,0.8457446808510638,0.7863242992232353,0.80038251978944,0.794108789439829
5.0,200,0.7553191489361702,0.7978723404255319,0.8191489361702128,0.851063829787234,0.7553191489361702,0.7553191489361702,0.26595744680851063,0.7978723404255319,0.1638297872340425,0.8191489361702128,0.08510638297872339,0.851063829787234,0.784462597095576,0.8001900641018239,0.7919458814258571
